metric,n_samples,pearson_r,pearson_p,spearman_r,spearman_p,mae,rmse,human_mean,llm_mean,human_std,llm_std
completeness,30,1.0,0.0,1.0,0.0,0.0,0.0,9.133333333333333,9.133333333333333,1.357821107848726,1.357821107848726
faithfulness,30,0.9999999999999994,2.841104936914005e-212,1.0,0.0,0.0,0.0,8.633333333333333,8.633333333333333,1.5196036990935669,1.5196036990935669
sign_agreement,30,1.0,0.0,1.0,0.0,0.0,0.0,4.266666666666667,4.266666666666667,0.7849152527649012,0.7849152527649012
rank_agreement,30,0.9999999999999999,0.0,1.0,0.0,0.0,0.0,4.366666666666666,4.366666666666666,0.889917986664224,0.889917986664224
